{"level": 3, "n_policies": 1916, "learning_rate": 0.008838427633678501, "best_value": 15.148475653436074}