{"level": 3, "n_policies": 15517, "learning_rate": 0.16641674377937352, "tau": 4.048518123211689, "gamma": 0.005264108474271697, "zeta": 0.5175888085994454, "elitism_factor": 0.1697354789327469, "best_value": 9.556195526214392}