{"level": 1, "n_policies": 15930, "learning_rate": 0.034981412158836295, "tau": 1.3316892372714013, "gamma": 0.02938863839421489, "best_value": 5.842405460198655}