{"level": 3, "n_policies": 17908, "learning_rate": 0.154937318595788, "tau": 2.545153120408655, "best_value": 2.9516200294583395}