{"level": 2, "n_policies": 33155, "learning_rate": 0.011047321079505495, "best_value": 2.7948413804544776}