{"level": 3, "n_policies": 29325, "learning_rate": 0.09447145922848464, "tau": 0.38210537834931463, "gamma": 0.13056072395524418, "zeta": 0.7086734675139809, "elitism_factor": 0.020372968801098613, "best_value": 2.8470211369209824}